<?xml version="1.0" encoding="UTF-8" ?>
<module>
    <name>imageimporter</name>
    <displayName><![CDATA[Product Image Importer]]></displayName>
    <version><![CDATA[1.0.0]]></version>
    <description><![CDATA[Import product images automatically based on product references.]]></description>
    <author><![CDATA[Youness Major Media]]></author>
    <tab><![CDATA[administration]]></tab>
    <is_configurable>1</is_configurable>
    <need_instance>0</need_instance>
	<limited_countries></limited_countries>
</module>